<?xml version="1.0" encoding="UTF-8" ?>
<XMLDB PATH="mod/consentform/db" VERSION="20101203" COMMENT="XMLDB file for Moodle mod/consentform"
    xmlns:xsi="http://www.w3.org/2001/XMLSchema-instance"
    xsi:noNamespaceSchemaLocation="../../../lib/xmldb/xmldb.xsd"
>
  <TABLES>
    <TABLE NAME="consentform" COMMENT="Consentfom instance data of a course">
      <FIELDS>
        <FIELD NAME="id" TYPE="int" LENGTH="10" NOTNULL="true" UNSIGNED="true" SEQUENCE="true"/>
        <FIELD NAME="course" TYPE="int" LENGTH="10" NOTNULL="true" UNSIGNED="true" SEQUENCE="false" COMMENT="The course to which the consentform activity belongs to"/>
        <FIELD NAME="name" TYPE="char" LENGTH="255" NOTNULL="true" SEQUENCE="false" COMMENT="Name field for consentform instances"/>
        <FIELD NAME="intro" TYPE="text" NOTNULL="false" SEQUENCE="false" COMMENT="Introduction text of this consentform instance"/>
        <FIELD NAME="introformat" TYPE="int" LENGTH="4" NOTNULL="false" UNSIGNED="true" DEFAULT="0" SEQUENCE="false" COMMENT="Format of the intro field (MOODLE, HTML, MARKDOWN...)"/>
        <FIELD NAME="timecreated" TYPE="int" LENGTH="10" NOTNULL="true" UNSIGNED="true" SEQUENCE="false"/>
        <FIELD NAME="timemodified" TYPE="int" LENGTH="10" NOTNULL="true" UNSIGNED="true" DEFAULT="0" SEQUENCE="false"/>
        <FIELD NAME="confirmationtext" TYPE="text" NOTNULL="false" SEQUENCE="false" COMMENT="Consentform text to agree to"/>
        <FIELD NAME="optionrevoke" TYPE="int" LENGTH="4" NOTNULL="false" UNSIGNED="true" DEFAULT="0" SEQUENCE="false" COMMENT="Provide option to revoke"/>
        <FIELD NAME="optionrefuse" TYPE="int" LENGTH="4" NOTNULL="false" UNSIGNED="true" DEFAULT="0" SEQUENCE="false" COMMENT="Provide option to refuse"/>
        <FIELD NAME="textagreementbutton" TYPE="char" LENGTH="100" NOTNULL="true" SEQUENCE="false" COMMENT="Text field for label of agreement button"/>
        <FIELD NAME="textrefusalbutton" TYPE="char" LENGTH="100" NOTNULL="true" SEQUENCE="false" COMMENT="Text field for label of refusal button"/>
        <FIELD NAME="textrevocationbutton" TYPE="char" LENGTH="100" NOTNULL="true" SEQUENCE="false" COMMENT="Text field for label of revocation button"/>
        <FIELD NAME="usegrade" TYPE="int" LENGTH="4" NOTNULL="false" UNSIGNED="true" DEFAULT="0" SEQUENCE="false" COMMENT="Write a grade value of 1 for every agreement"/>
        <FIELD NAME="confirmincourseoverview" TYPE="int" LENGTH="4" NOTNULL="false" UNSIGNED="true" DEFAULT="0" SEQUENCE="false" COMMENT="Confirmation takes place in course overview"/>
        <FIELD NAME="nocoursemoduleslist" TYPE="int" LENGTH="4" NOTNULL="false" UNSIGNED="true" DEFAULT="0" SEQUENCE="false" COMMENT="No course module list is used"/>
        <FIELD NAME="cssclassesstring" TYPE="char" LENGTH="200" NOTNULL="false" SEQUENCE="false" COMMENT="User defined css classes for confirmation panel"/>
      </FIELDS>
      <KEYS>
        <KEY NAME="primary" TYPE="primary" FIELDS="id"/>
      </KEYS>
      <INDEXES>
        <INDEX NAME="course" UNIQUE="false" FIELDS="course"/>
      </INDEXES>
    </TABLE>
    <TABLE NAME="consentform_state" COMMENT="Confirmationstate of participants (agreed/refused/revoked) is stored here">
      <FIELDS>
        <FIELD NAME="id" TYPE="int" LENGTH="10" NOTNULL="true" UNSIGNED="true" SEQUENCE="true"/>
        <FIELD NAME="consentformcmid" TYPE="int" LENGTH="10" NOTNULL="true" UNSIGNED="true" SEQUENCE="false"  COMMENT="id of consentform course module"/>
        <FIELD NAME="userid" TYPE="int" LENGTH="10" NOTNULL="true" UNSIGNED="true" SEQUENCE="false" COMMENT="Userid of the participant"/>
        <FIELD NAME="state" TYPE="int" LENGTH="4" NOTNULL="true" UNSIGNED="true" SEQUENCE="false" COMMENT="State: 0 - revoked/refused, 1 - agreed"/>
        <FIELD NAME="timestamp" TYPE="int" LENGTH="10" NOTNULL="true" UNSIGNED="true" DEFAULT="0" SEQUENCE="false"/>
      </FIELDS>
      <KEYS>
        <KEY NAME="primary" TYPE="primary" FIELDS="id"/>
        <KEY NAME="consentformcmid" TYPE="foreign" FIELDS="consentformcmid" REFTABLE="course_modules" REFFIELDS="id"/>
      </KEYS>
      <INDEXES>
        <INDEX NAME="consentformcmid-userid" UNIQUE="true" FIELDS="consentformcmid, userid"/>
      </INDEXES>
    </TABLE>
  </TABLES>
</XMLDB>
